;temperatureEreignis;gasEreignis;humidityEreignis;barometerEreignis
114;29,26;79439;36;999,08
115;29,27;76129;36;999,09
116;29,27;75992;36;999,08
117;29,28;73855;36;999,08
118;29,27;70985;37;999,09
119;29,28;69288;37;999,08
120;29,28;68554;37;999,08
121;29,28;68109;37;999,09
122;29,28;67291;37;999,08
123;29,29;65919;37;999,09
124;29,3;67023;37;999,09
125;29,3;65713;37;999,09
126;29,29;65254;37;999,09
127;29,3;63624;37;999,09
128;29,29;62862;37;999,09
129;29,3;62165;37;999,09
130;29,3;62442;37;999,09
131;29,3;61845;37;999,09
132;29,3;60992;37;999,09
133;29,3;61303;37;999,09
134;29,31;59105;37;999,12
135;29,31;59439;37;999,12
136;29,31;59990;37;999,12
137;29,32;59188;37;999,12
138;29,32;59313;37;999,12
139;29,32;58856;37;999,12
140;29,32;58083;37;999,12
141;29,32;57883;37;999,09
142;29,32;57566;37;999,12
143;29,33;57136;37;999,13
144;29,33;56865;37;999,12
145;29,32;55697;37;999,09
146;29,33;56788;37;999,13
147;29,34;56294;37;999,13
148;29,33;55919;37;999,13
149;29,33;55076;37;999,13
150;29,33;54682;37;999,13
151;29,33;55550;37;999,13
152;29,34;54259;37;999,13
153;29,33;55623;38;999,13
154;29,33;54329;37;999,13
155;29,33;54753;37;999,13
156;29,34;54470;38;999,16
157;29,33;54364;38;999,13
158;29,34;54294;38;999,13
159;29,34;53980;38;999,13
160;29,34;53945;38;999,13
161;29,34;53945;38;999,13
162;29,34;53194;38;999,13
163;29,35;52398;38;999,21
164;29,35;53127;38;999,2
165;29,35;52464;38;999,2
166;29,36;52859;38;999,2
167;29,36;52694;38;999,2
168;29,35;52138;38;999,2
169;29,36;51881;38;999,2
170;29,36;51913;38;999,2
171;29,36;51785;38;999,2
172;29,37;52365;38;999,2
173;29,37;52496;38;999,23
174;29,37;51499;38;999,2
175;29,37;51977;38;999,21
176;29,37;51436;38;999,21
177;29,37;52009;38;999,21
178;29,37;51913;38;999,21
179;29,37;51217;38;999,21
180;29,38;51913;38;999,21
181;29,38;51468;38;999,21
182;29,37;50999;38;999,21
183;29,38;50753;38;999,21
184;29,38;50783;38;999,21
185;29,38;51721;38;999,2
186;29,38;50906;38;999,2
187;29,38;50448;38;999,2
188;29,39;51061;38;999,23
189;29,39;50999;38;999,21
190;29,39;50845;38;999,21
191;29,4;50418;38;999,23
192;29,39;50753;38;999,21
193;29,4;50207;38;999,21
194;29,4;50570;38;999,21
195;29,4;50418;38;999,2
196;29,4;50207;38;999,21
197;29,4;49527;38;999,21
198;29,4;50327;38;999,2
199;29,4;49879;38;999,21
200;29,4;49791;38;999,2
201;29,41;50057;38;999,23
202;29,41;49820;38;999,23
203;29,42;49150;38;999,23
204;29,41;48978;38;999,23
205;29,41;48723;38;999,23
206;29,42;49121;38;999,23
207;29,42;49294;38;999,23
208;29,42;49323;38;999,23
209;29,42;48893;38;999,26
210;29,43;49556;38;999,26
211;29,43;49208;38;999,26
212;29,43;48414;38;999,26
213;29,43;49497;38;999,23
214;29,43;48950;38;999,23
215;29,43;48330;38;999,23
216;29,44;48723;38;999,23
217;29,44;47917;38;999,23
218;29,44;49093;38;999,23
219;29,44;49064;38;999,26
220;29,45;49179;38;999,26
221;29,45;48893;38;999,26
222;29,45;48893;38;999,26
223;29,45;48442;38;999,26
224;29,44;49208;38;999,23
225;29,45;48386;38;999,23
226;29,46;48330;38;999,23
227;29,45;48582;38;999,23
228;29,46;48978;38;999,23
229;29,46;48666;38;999,23
230;29,46;48893;38;999,23
231;29,46;48751;38;999,23
232;29,46;48554;38;999,21
233;29,46;48751;38;999,21
234;29,47;48723;38;999,26
235;29,47;49007;38;999,23
236;29,47;48864;38;999,23
237;29,47;48921;38;999,23
238;29,47;48247;38;999,23
239;29,47;48470;38;999,23
240;29,47;48808;38;999,23
241;29,48;48723;38;999,21
242;29,48;48893;38;999,21
243;29,48;48751;38;999,21
244;29,48;48470;38;999,21
245;29,48;49121;38;999,21
246;29,49;48638;38;999,23
247;29,49;48751;38;999,23
248;29,49;48638;38;999,23
249;29,49;48386;38;999,23
250;29,5;48751;38;999,21
251;29,5;48864;38;999,21
252;29,49;48303;38;999,21
253;29,5;48666;38;999,21
254;29,5;48638;38;999,21
255;29,5;48751;38;999,21
256;29,5;48358;38;999,21
257;29,51;48470;38;999,21
258;29,51;48751;38;999,21
259;29,51;48808;38;999,23
260;29,51;48751;38;999,2
261;29,51;48303;38;999,23
262;29,51;48666;38;999,23
263;29,51;48836;38;999,2
264;29,51;48442;38;999,23
265;29,52;48247;38;999,21
266;29,52;48723;38;999,23
267;29,52;48610;38;999,21
268;29,52;48779;38;999,23
269;29,53;48247;38;999,21
270;29,53;48554;38;999,21
271;29,53;48694;38;999,23
272;29,53;48275;38;999,23
273;29,53;48978;38;999,23
274;29,53;48864;38;999,23
275;29,53;48638;38;999,21
276;29,53;49064;38;999,21
277;29,53;48414;38;999,21
278;29,54;48694;38;999,21
279;29,54;48554;38;999,21
280;29,54;47862;38;999,21
281;29,54;48414;38;999,2
282;29,55;48751;38;999,23
283;29,55;48192;38;999,21
284;29,55;48470;38;999,21
285;29,55;49064;38;999,2
286;29,55;48109;38;999,2
287;29,55;48414;38;999,2
288;29,55;48470;38;999,17
289;29,56;48358;38;999,17
290;29,56;48414;38;999,17
291;29,56;48358;38;999,17
292;29,57;48414;38;999,17
293;29,56;48414;38;999,16
294;29,57;48358;38;999,21
295;29,57;48694;38;999,21
296;29,57;48247;38;999,2
297;29,57;48330;38;999,21
298;29,57;48442;38;999,21
299;29,57;48082;38;999,2
300;29,57;47835;38;999,2
301;29,58;48554;38;999,2
302;29,58;48610;38;999,2
303;29,59;48247;38;999,21
304;29,58;48666;38;999,2
305;29,59;48303;38;999,21
306;29,58;48330;38;999,17
307;29,59;48638;38;999,2
308;29,59;48666;38;999,21
309;29,59;48470;38;999,2
310;29,59;48554;38;999,21
311;29,59;48779;38;999,2
312;29,6;48247;38;999,21
313;29,6;48247;38;999,21
314;29,6;47754;38;999,2
315;29,6;48751;38;999,21
316;29,6;48893;38;999,21
317;29,61;48751;38;999,21
318;29,61;48526;38;999,23
319;29,61;48498;38;999,23
320;29,62;48164;38;999,23
321;29,61;48751;38;999,23
322;29,62;48638;37;999,23
323;29,62;48723;38;999,23
324;29,61;49208;37;999,23
325;29,62;48554;38;999,26
326;29,63;48921;37;999,21
327;29,63;48836;37;999,21
328;29,63;48864;37;999,23
329;29,63;48610;37;999,26
330;29,63;48779;37;999,23
331;29,63;48808;37;999,21
332;29,63;48751;37;999,21
333;29,63;48978;37;999,2
334;29,64;48526;37;999,2
335;29,64;48836;37;999,17
336;29,63;48921;37;999,2
337;29,64;48893;37;999,21
338;29,65;48950;37;999,21
339;29,64;48666;37;999,21
340;29,65;48808;37;999,2
341;29,65;48864;37;999,2
342;29,66;48950;37;999,2
343;29,65;48779;37;999,2
344;29,66;48751;37;999,2
345;29,66;48893;37;999,2
346;29,66;48666;37;999,23
347;29,66;48638;37;999,2
348;29,66;48808;37;999,2
349;29,66;48921;37;999,21
350;29,67;49150;37;999,21
351;29,67;48610;37;999,21
352;29,67;48808;37;999,21
353;29,68;48921;37;999,21
354;29,67;48950;37;999,21
355;29,68;49007;37;999,21
356;29,68;49007;37;999,2
357;29,68;49265;37;999,2
358;29,68;49035;37;999,2
359;29,68;48950;37;999,23
360;29,68;49150;37;999,23
361;29,69;49121;37;999,23
362;29,69;49064;37;999,21
363;29,69;49093;37;999,21
364;29,69;49093;37;999,21
365;29,7;49208;37;999,21
366;29,7;49381;37;999,21
367;29,7;49381;37;999,2
368;29,7;49208;37;999,2
369;29,71;48893;37;999,2
370;29,71;49093;37;999,21
371;29,71;49468;37;999,2
372;29,7;48779;37;999,21
373;29,71;49121;37;999,2
374;29,71;49323;37;999,2
375;29,72;49556;37;999,2
376;29,72;49381;37;999,2
377;29,72;49614;37;999,2
378;29,72;49208;37;999,21
379;29,73;49439;37;999,2
380;29,73;49497;37;999,2
381;29,73;49208;37;999,17
382;29,73;49121;37;999,2
383;29,73;48893;37;999,2
384;29,74;49208;37;999,17
385;29,74;49410;37;999,17
386;29,74;49208;37;999,17
387;29,74;49352;37;999,16
388;29,74;49439;37;999,16
389;29,74;49556;37;999,16
390;29,75;49323;37;999,13
391;29,75;49820;37;999,16
392;29,75;49614;37;999,13
393;29,75;49732;37;999,16
394;29,76;49468;37;999,16
395;29,76;49323;37;999,13
396;29,76;50057;37;999,16
397;29,76;49556;37;999,13
398;29,76;49410;37;999,16
399;29,77;49673;37;999,16
400;29,77;49791;37;999,12
401;29,77;49761;37;999,13
402;29,77;49761;37;999,16
403;29,77;49673;37;999,16
404;29,78;49702;37;999,13
405;29,77;49673;37;999,13
406;29,78;49761;37;999,13
407;29,78;49879;37;999,13
408;29,79;49732;37;999,17
409;29,79;49791;37;999,17
410;29,79;49673;37;999,17
411;29,79;49850;37;999,17
412;29,79;50028;37;999,17
413;29,8;50057;37;999,17
414;29,8;49879;37;999,17
415;29,8;49879;37;999,17
416;29,8;50087;37;999,17
417;29,8;49939;37;999,17
418;29,8;50267;37;999,17
419;29,8;49998;37;999,17
420;29,81;49791;37;999,2
421;29,81;50087;37;999,2
422;29,81;50267;37;999,2
423;29,82;50028;37;999,17
424;29,82;50087;37;999,2
425;29,82;50388;37;999,17
426;29,82;50028;37;999,2
427;29,82;50267;37;999,17
428;29,82;50177;37;999,17
429;29,83;50207;37;999,16
430;29,83;50237;37;999,2
431;29,83;50028;37;999,17
432;29,83;50147;37;999,2
433;29,83;50087;37;999,17
434;29,84;50448;37;999,17
435;29,84;50448;37;999,17
436;29,84;50267;37;999,17
437;29,84;50418;37;999,17
438;29,85;50570;37;999,16
439;29,84;50845;37;999,17
440;29,85;50177;37;999,2
441;29,85;50297;37;999,2
442;29,85;50722;37;999,2
443;29,85;50478;37;999,17
444;29,85;50630;37;999,17
445;29,86;50388;37;999,17
446;29,86;50267;37;999,17
447;29,86;50448;37;999,16
448;29,87;50570;37;999,2
449;29,87;50876;37;999,2
450;29,87;50600;37;999,2
451;29,88;50753;37;999,2
452;29,87;50722;37;999,2
453;29,87;50783;37;999,17
454;29,88;50937;37;999,17
455;29,88;50448;37;999,17
456;29,88;50478;37;999,17
457;29,88;50297;37;999,17
458;29,89;50630;37;999,2
459;29,89;51092;37;999,2
460;29,89;50570;37;999,2
461;29,89;50937;37;999,2
462;29,89;51092;37;999,2
463;29,9;50968;37;999,2
464;29,9;51310;37;999,17
465;29,91;50783;37;999,21
466;29,9;50999;37;999,17
467;29,91;51061;37;999,2
468;29,91;51030;37;999,21
469;29,91;50692;37;999,2
470;29,91;51030;37;999,2
471;29,91;51436;37;999,17
472;29,91;50814;37;999,17
473;29,92;51279;37;999,17
474;29,92;50937;37;999,16
475;29,92;50937;37;999,2
476;29,93;50845;37;999,2
477;29,92;51405;37;999,17
478;29,93;50876;37;999,17
479;29,93;50876;37;999,17
480;29,93;51248;37;999,17
481;29,93;51373;37;999,16
482;29,94;51342;37;999,16
483;29,94;51217;37;999,13
484;29,94;51279;37;999,16
485;29,94;51061;37;999,16
486;29,95;51092;37;999,16
487;29,95;51594;37;999,13
488;29,95;51499;37;999,13
489;29,95;51123;37;999,13
490;29,95;51154;37;999,12
491;29,96;51154;37;999,09
492;29,96;51626;37;999,12
493;29,96;51373;37;999,13
494;29,97;51436;37;999,09
495;29,96;51342;37;999,09
496;29,97;51594;37;999,13
497;29,97;51562;37;999,13
498;29,97;51373;37;999,13
499;29,97;51405;37;999,13
500;29,97;51436;37;999,12
501;29,97;51562;37;999,12
502;29,97;51531;37;999,09
503;29,98;51689;37;999,12
504;29,98;51657;37;999,12
505;29,98;51626;37;999,09
506;29,98;51817;37;999,16
507;29,99;51721;37;999,16
508;29,99;51817;37;999,09
509;29,99;51689;37;999,16
510;30;52073;37;999,16
511;30;51977;37;999,13
512;30;51945;36;999,13
513;30;52009;36;999,13
514;30;51977;36;999,16
515;30;51753;37;999,13
516;30,01;52041;36;999,13
517;30;51881;36;999,13
518;30,01;52300;36;999,17
519;30,01;52073;36;999,16
520;30,01;51626;36;999,16
521;30,01;52170;36;999,16
522;30,02;52333;36;999,16
523;30,02;52333;36;999,2
524;30,02;52170;36;999,2
525;30,02;52203;36;999,2
526;30,02;52268;36;999,16
527;30,03;51945;36;999,2
528;30,03;51945;36;999,2
529;30,02;52300;36;999,2
530;30,03;52235;36;999,2
531;30,03;52138;36;999,21
532;30,04;52431;36;999,2
533;30,03;52365;36;999,2
534;30,04;52073;36;999,21
535;30,04;52138;36;999,2
536;30,05;52170;36;999,23
537;30,05;52496;36;999,2
538;30,05;52365;36;999,23
539;30,05;52464;36;999,21
540;30,05;52496;36;999,21
541;30,05;52529;36;999,21
542;30,06;52595;36;999,2
543;30,06;52365;36;999,2
544;30,06;52661;36;999,2
545;30,07;52727;36;999,21
546;30,07;52333;36;999,21
547;30,07;52727;36;999,2
548;30,08;52859;36;999,2
549;30,07;52106;36;999,2
550;30,08;52893;36;999,2
551;30,08;52694;36;999,2
552;30,09;52268;36;999,2
553;30,07;52661;36;999,2
554;30,08;52826;36;999,2
555;30,09;52628;36;999,23
556;30,09;52529;36;999,21
557;30,09;52661;36;999,21
558;30,09;52431;36;999,21
559;30,1;52562;36;999,23
560;30,1;53060;36;999,21
561;30,1;53026;36;999,2
562;30,11;52993;36;999,2
563;30,1;52365;36;999,2
564;30,11;52595;36;999,21
565;30,11;52661;36;999,21
566;30,11;52959;36;999,2
567;30,11;52859;36;999,2
568;30,11;53127;36;999,2
569;30,12;53635;36;999,2
570;30,12;53127;36;999,17
571;30,12;52562;36;999,16
572;30,12;53060;36;999,16
573;30,12;53026;36;999,16
574;30,13;53228;36;999,17
575;30,13;52529;36;999,17
576;30,13;52993;36;999,17
577;30,13;52893;36;999,17
578;30,13;53397;36;999,17
579;30,14;53397;36;999,17
580;30,14;52993;36;999,17
581;30,14;53261;36;999,17
582;30,15;53329;36;999,2
583;30,14;53329;36;999,2
584;30,15;53093;36;999,17
585;30,15;53093;36;999,16
586;30,15;53533;36;999,16
587;30,15;53228;36;999,13
588;30,15;53295;36;999,13
589;30,16;53363;36;999,13
590;30,16;53329;36;999,13
591;30,16;53533;36;999,13
592;30,16;53363;36;999,12
593;30,17;53533;36;999,13
594;30,17;53397;36;999,16
595;30,17;53499;36;999,17
596;30,17;53261;36;999,16
597;30,17;53704;36;999,13
598;30,17;53160;36;999,16
599;30,18;53431;36;999,13
600;30,18;53465;36;999,13
601;30,18;53397;36;999,13
602;30,18;53228;36;999,16
603;30,18;53465;36;999,16
604;30,18;53499;36;999,13
605;30,19;53807;36;999,17
606;30,19;53601;36;999,16
607;30,19;53533;36;999,13
608;30,19;53601;36;999,13
609;30,19;53773;36;999,16
610;30,2;53329;36;999,13
611;30,2;53807;36;999,13
612;30,2;53945;36;999,13
613;30,19;53807;36;999,13
614;30,2;53670;36;999,12
615;30,21;53363;36;999,16
616;30,2;53261;36;999,12
617;30,21;53773;36;999,16
618;30,21;53499;36;999,16
619;30,21;53876;36;999,16
620;30,21;53842;36;999,16
621;30,22;53842;36;999,13
622;30,21;53807;36;999,16
623;30,22;53807;36;999,16
624;30,22;53911;36;999,16
625;30,23;54540;36;999,16
626;30,22;54154;36;999,13
627;30,23;54119;36;999,16
628;30,23;53807;36;999,13
629;30,23;53842;36;999,13
630;30,23;54015;36;999,16
631;30,24;53876;36;999,12
632;30,24;54049;36;999,12
633;30,24;54647;36;999,12
634;30,24;53911;36;999,12
635;30,24;54224;36;999,12
636;30,25;54364;36;999,12
637;30,25;53945;36;999,13
638;30,24;54154;36;999,12
639;30,25;54364;36;999,12
640;30,26;53738;36;999,12
641;30,26;54399;36;999,12
642;30,26;54861;36;999,09
643;30,26;54224;36;999,09
644;30,26;54294;36;999,12
645;30,26;53945;36;999,13
646;30,27;54329;36;999,12
647;30,27;54224;36;999,13
648;30,27;54015;36;999,12
649;30,27;54294;36;999,12
650;30,26;54789;36;999,12
651;30,27;54154;36;999,12
652;30,28;54294;36;999,12
653;30,28;54576;36;999,12
654;30,28;54576;36;999,09
655;30,28;54364;36;999,12
656;30,28;54399;36;999,12
657;30,28;54434;36;999,12
658;30,28;54364;36;999,09
659;30,29;54434;36;999,13
660;30,29;54434;36;999,13
661;30,28;54259;36;999,12
662;30,28;54470;36;999,12
663;30,29;54470;36;999,12
664;30,29;55149;36;999,09
665;30,3;54682;36;999,12
666;30,3;54399;36;999,12
667;30,3;54682;36;999,12
668;30,3;54505;36;999,09
669;30,3;54897;36;999,12
670;30,3;54789;36;999,13
671;30,31;54470;36;999,13
672;30,31;54718;36;999,13
673;30,31;54611;36;999,13
674;30,3;54682;36;999,12
675;30,31;55149;36;999,13
676;30,32;54753;36;999,12
677;30,31;54647;36;999,12
678;30,32;54861;36;999,12
679;30,32;54611;36;999,12
680;30,32;54861;36;999,12
681;30,32;54611;36;999,16
682;30,33;54576;36;999,13
683;30,33;54682;36;999,13
684;30,33;55294;36;999,13
685;30,33;54576;36;999,13
686;30,32;55221;36;999,13
687;30,34;54647;36;999,13
688;30,33;54932;36;999,13
689;30,34;55294;36;999,12
690;30,34;54647;36;999,12
691;30,34;54932;36;999,12
692;30,34;54789;36;999,12
693;30,34;54861;36;999,12
694;30,35;54682;36;999,13
695;30,34;54753;36;999,13
696;30,35;55113;36;999,16
697;30,35;55113;36;999,13
698;30,34;55113;36;999,13
699;30,35;55149;36;999,13
700;30,36;55076;36;999,13
701;30,36;55294;36;999,13
702;30,36;54861;36;999,13
703;30,36;54861;36;999,13
704;30,36;55076;36;999,12
705;30,36;54682;36;999,13
706;30,36;55257;36;999,12
707;30,36;55257;36;999,12
708;30,37;54968;36;999,13
709;30,36;55004;36;999,13
710;30,36;55076;36;999,12
711;30,36;55185;36;999,13
712;30,37;55623;36;999,13
713;30,38;55221;36;999,12
714;30,38;55440;36;999,12
715;30,38;55221;36;999,12
716;30,38;55149;36;999,12
717;30,38;55294;36;999,12
718;30,38;55550;36;999,09
719;30,38;55294;36;999,12
720;30,38;55367;36;999,09
721;30,39;55808;35;999,12
722;30,38;55882;35;999,12
723;30,39;55294;35;999,13
724;30,39;55257;35;999,13
725;30,39;55221;36;999,12
726;30,39;55623;35;999,12
727;30,39;55771;35;999,12
728;30,4;55660;35;999,12
729;30,4;55550;35;999,12
730;30,4;55808;35;999,12
731;30,4;55294;35;999,09
732;30,4;55586;35;999,09
733;30,41;55697;35;999,12
734;30,4;55330;35;999,09
735;30,4;56031;35;999,13
736;30,4;55623;35;999,12
737;30,41;55403;35;999,13
738;30,41;55771;35;999,13
739;30,41;55882;35;999,12
740;30,42;55513;35;999,12
741;30,41;55586;35;999,12
742;30,42;55440;35;999,12
743;30,41;55586;35;999,12
744;30,42;55586;35;999,12
745;30,42;55550;35;999,12
746;30,41;55994;35;999,12
747;30,42;55734;35;999,12
748;30,42;55771;35;999,09
749;30,42;55660;35;999,09
750;30,42;55550;35;999,09
751;30,43;55994;35;999,16
752;30,43;55660;35;999,13
753;30,43;55697;35;999,16
754;30,44;55660;35;999,16
755;30,43;56106;35;999,13
756;30,43;55808;35;999,16
757;30,44;55697;35;999,16
758;30,43;55808;35;999,13
759;30,44;55550;35;999,13
760;30,44;55697;35;999,13
761;30,44;56068;35;999,12
762;30,44;55882;35;999,13
763;30,44;56106;35;999,13
764;30,45;56369;35;999,16
765;30,45;55956;35;999,16
766;30,45;55956;35;999,16
767;30,45;55734;35;999,16
768;30,45;56031;35;999,16
769;30,45;55919;35;999,16
770;30,44;56256;35;999,12
771;30,44;55734;35;999,13
772;30,45;55994;35;999,16
773;30,46;56218;35;999,16
774;30,46;56068;35;999,16
775;30,46;56559;35;999,16
776;30,46;55808;35;999,13
777;30,46;56483;35;999,16
778;30,46;56181;35;999,16
779;30,47;56068;35;999,16
780;30,46;55919;35;999,17
781;30,47;56031;35;999,13
782;30,46;56294;35;999,17
783;30,46;55994;35;999,17
784;30,47;55808;35;999,17
785;30,47;56031;35;999,16
786;30,47;56068;35;999,16
787;30,47;56218;35;999,17
788;30,47;56332;35;999,16
789;30,48;56332;35;999,16
790;30,48;56068;35;999,16
791;30,48;56521;35;999,16
792;30,48;56181;35;999,16
793;30,48;56031;35;999,16
794;30,48;56521;35;999,13
795;30,48;56407;35;999,17
796;30,49;56407;35;999,17
797;30,48;56068;35;999,17
798;30,49;56445;35;999,17
799;30,49;56750;35;999,13
800;30,48;56218;35;999,16
801;30,49;56332;35;999,16
802;30,49;56407;35;999,16
803;30,49;56332;35;999,16
804;30,49;56597;35;999,16
805;30,5;56521;35;999,16
806;30,5;56942;35;999,16
807;30,49;56788;35;999,13
808;30,5;57136;35;999,13
809;30,5;56559;35;999,13
810;30,5;56559;35;999,13
811;30,49;56559;35;999,13
812;30,51;56750;35;999,16
813;30,5;56521;35;999,16
814;30,51;56521;35;999,13
815;30,51;56106;35;999,12
816;30,5;56143;35;999,12
817;30,5;56256;35;999,16
818;30,51;56521;35;999,16
819;30,51;56865;35;999,16
820;30,51;56407;35;999,13
821;30,52;56483;35;999,13
822;30,51;57175;35;999,13
823;30,51;57136;35;999,13
824;30,51;56332;35;999,13
825;30,52;56981;35;999,13
826;30,52;56559;35;999,13
827;30,52;56445;35;999,13
828;30,52;57136;35;999,13
829;30,52;56981;35;999,12
830;30,52;56445;35;999,13
831;30,51;57214;35;999,12
832;30,52;56904;35;999,12
833;30,52;56407;35;999,12
834;30,52;56865;35;999,12
835;30,52;56788;35;999,13
836;30,53;56673;35;999,12
837;30,53;56788;35;999,13
838;30,53;56407;35;999,13
839;30,53;56712;35;999,12
840;30,53;56597;35;999,12
841;30,54;56635;35;999,12
842;30,53;56827;35;999,12
843;30,52;57058;35;999,08
844;30,53;56904;35;999,09
845;30,53;57019;35;999,09
846;30,53;56445;35;999,08
847;30,54;56788;35;999,08
848;30,54;56597;35;999,08
849;30,54;57058;35;999,08
850;30,54;56788;35;999,08
851;30,54;57214;35;999,08
852;30,55;57097;35;999,12
853;30,55;56750;35;999,08
854;30,55;57097;35;999,09
855;30,54;57136;35;999,08
856;30,54;56827;35;999,09
857;30,55;57136;35;999,09
858;30,55;57370;35;999,12
859;30,55;57019;35;999,09
860;30,55;56981;35;999,09
861;30,55;57019;35;999,09
862;30,55;56942;35;999,08
863;30,56;56904;35;999,09
864;30,56;57019;35;999,09
865;30,56;57175;35;999,09
866;30,56;56865;35;999,09
867;30,55;57331;35;999,09
868;30,56;56865;35;999,09
869;30,56;56712;35;999,09
870;30,56;57409;35;999,13
871;30,56;57019;35;999,09
872;30,57;56750;35;999,13
873;30,56;56865;35;999,12
874;30,56;57097;35;999,12
875;30,57;57292;35;999,13
876;30,57;57409;35;999,12
877;30,57;56712;35;999,12
878;30,57;57370;35;999,12
879;30,57;57175;35;999,12
880;30,58;57019;35;999,12
881;30,57;56942;35;999,09
882;30,58;56942;35;999,09
883;30,58;57370;35;999,09
884;30,58;56981;35;999,09
885;30,58;57409;35;999,09
886;30,58;57370;35;999,09
887;30,58;57409;35;999,09
888;30,58;57058;35;999,09
889;30,58;57724;35;999,09
890;30,59;57292;35;999,12
891;30,58;57252;35;999,09
892;30,59;57566;35;999,09
893;30,59;57019;35;999,12
894;30,58;57487;35;999,08
895;30,59;57527;35;999,12
896;30,59;57487;35;999,12
897;30,59;57019;35;999,12
898;30,59;57566;35;999,12
899;30,59;57097;35;999,12
900;30,59;57527;35;999,09
901;30,59;57214;35;999,09
902;30,59;57175;35;999,08
903;30,59;57252;35;999,09
904;30,6;57175;35;999,08
905;30,59;57019;35;999,09
906;30,6;57527;35;999,09
907;30,6;57019;35;999,09
908;30,6;56942;35;999,09
909;30,6;57136;35;999,09
910;30,6;57566;35;999,09
911;30,6;57370;35;999,08
912;30,61;57527;35;999,09
913;30,61;57136;35;999,12
914;30,61;57409;35;999,09
915;30,6;57606;35;999,08
916;30,6;57527;35;999,06
917;30,61;57724;35;999,09
918;30,61;57883;35;999,09
919;30,61;57214;35;999,09
920;30,61;57566;35;999,08
921;30,61;57252;35;999,08
922;30,61;57606;35;999,08
923;30,61;57487;35;999,08
924;30,61;57606;35;999,06
925;30,62;57370;35;999,06
926;30,62;57764;35;999,08
927;30,62;58124;35;999,06
928;30,61;57566;35;999,06
929;30,61;57963;35;999,06
930;30,62;57923;35;999,06
931;30,61;57844;35;999,06
932;30,62;57409;35;999,08
933;30,62;57923;35;999,08
934;30,62;57804;35;999,06
935;30,62;57724;35;999,06
936;30,63;57487;35;999,08
937;30,63;57487;35;999,08
938;30,63;57844;35;999,08
939;30,63;57487;35;999,09
940;30,62;57645;35;999,09
941;30,63;57685;35;999,08
942;30,63;58003;35;999,08
943;30,63;58083;35;999,08
944;30,63;57645;35;999,08
945;30,63;58003;35;999,08
946;30,64;57764;35;999,08
947;30,65;57645;35;999,06
948;30,65;58003;35;999,08
949;30,64;57804;35;999,08
950;30,64;58083;35;999,08
951;30,64;57448;35;999,13
952;30,64;57487;35;999,08
953;30,65;57883;35;999,09
954;30,65;58003;35;999,13
955;30,65;57804;35;999,16
956;30,65;57566;35;999,13
957;30,65;58003;35;999,13
958;30,65;58610;35;999,13
959;30,65;57645;35;999,13
960;30,65;58003;35;999,13
961;30,65;57764;35;999,13
962;30,65;57645;35;999,13
963;30,66;57724;35;999,13
964;30,65;57685;35;999,13
965;30,65;58003;35;999,13
966;30,66;58043;35;999,13
967;30,66;58528;35;999,13
968;30,66;57804;35;999,16
969;30,66;58204;35;999,13
970;30,66;57963;35;999,17
971;30,67;58164;35;999,16
972;30,66;58043;35;999,16
973;30,66;57606;35;999,13
974;30,66;58244;35;999,13
975;30,66;58447;35;999,16
976;30,65;57844;35;999,16
977;30,66;57883;35;999,16
978;30,67;58124;35;999,13
979;30,66;58124;35;999,17
980;30,67;58003;35;999,17
981;30,67;58447;35;999,17
982;30,67;58447;35;999,17
983;30,67;58244;35;999,17
984;30,67;58043;35;999,17
985;30,68;58285;35;999,17
986;30,67;58244;35;999,17
987;30,67;58733;35;999,17
988;30,67;58043;35;999,17
989;30,67;58285;35;999,17
990;30,68;58488;35;999,16
991;30,67;58285;35;999,16
992;30,68;58488;35;999,16
993;30,68;58366;35;999,16
994;30,68;58528;35;999,17
995;30,68;58406;35;999,16
996;30,68;58406;35;999,17
997;30,68;58406;35;999,17
998;30,68;58285;35;999,17
999;30,68;58610;35;999,17
1000;30,67;58043;35;999,17
1001;30,68;58692;35;999,21
1002;30,68;58124;35;999,17
1003;30,68;58204;35;999,17
1004;30,68;58528;35;999,17
1005;30,69;58366;35;999,17
1006;30,68;58774;35;999,17
1007;30,68;58610;35;999,2
1008;30,69;58569;35;999,2
1009;30,69;58733;35;999,21
1010;30,68;58856;35;999,21
1011;30,69;58325;35;999,17
1012;30,69;58774;35;999,2
1013;30,69;58610;35;999,21
1014;30,69;58692;35;999,21
1015;30,69;58244;35;999,21
1016;30,69;58610;35;999,21
1017;30,7;58406;35;999,21
1018;30,69;58447;35;999,21
1019;30,69;58774;35;999,21
1020;30,7;58774;35;999,21
1021;30,7;58488;35;999,21
1022;30,7;58897;35;999,21
1023;30,7;58406;35;999,21
1024;30,69;58692;35;999,21
1025;30,7;59188;35;999,21
1026;30,69;58939;35;999,21
1027;30,7;59063;35;999,21
1028;30,7;58488;35;999,21
1029;30,7;59230;35;999,21
1030;30,7;58856;35;999,21
1031;30,7;59271;35;999,21
1032;30,7;58406;35;999,2
1033;30,7;59271;35;999,21
1034;30,7;58856;35;999,21
1035;30,7;58774;35;999,2
1036;30,7;59146;35;999,21
1037;30,7;59146;35;999,2
1038;30,71;58488;35;999,2
1039;30,71;59230;35;999,23
1040;30,71;58528;35;999,23
1041;30,7;59022;35;999,23
1042;30,71;58897;35;999,23
1043;30,71;59397;35;999,23
1044;30,71;58488;35;999,23
1045;30,7;58692;35;999,2
1046;30,71;59105;35;999,23
1047;30,71;59105;35;999,21
1048;30,7;59105;35;999,2
1049;30,71;58897;35;999,2
1050;30,71;59271;35;999,21
1051;30,71;59146;35;999,21
1052;30,72;59022;35;999,21
1053;30,71;58569;35;999,21
1054;30,71;59271;35;999,21
1055;30,71;59313;35;999,23
1056;30,7;58651;35;999,17
1057;30,71;59313;35;999,21
1058;30,71;59355;35;999,21
1059;30,71;58939;35;999,21
1060;30,71;59230;35;999,2
1061;30,71;59439;35;999,21
1062;30,72;59692;35;999,21
1063;30,72;59565;35;999,21
1064;30,72;59271;35;999,21
1065;30,73;58815;35;999,23
1066;30,72;59313;35;999,2
1067;30,72;59022;35;999,2
1068;30,72;59397;35;999,21
1069;30,72;59355;35;999,2
1070;30,72;59355;35;999,2
1071;30,72;59105;35;999,2
1072;30,71;59397;35;999,2
1073;30,71;59439;35;999,2
1074;30,72;59565;35;999,17
1075;30,73;59608;35;999,2
1076;30,73;58939;35;999,17
1077;30,73;59650;35;999,17
1078;30,72;59692;35;999,2
1079;30,73;59063;35;999,2
1080;30,73;59948;35;999,16
1081;30,73;59481;35;999,2
1082;30,73;59523;35;999,2
1083;30,73;59397;35;999,2
1084;30,73;59397;35;999,2
1085;30,72;59523;35;999,2
1086;30,73;59523;35;999,2
1087;30,73;59523;35;999,2
1088;30,73;59565;35;999,2
1089;30,73;59397;35;999,2
1090;30,73;59355;35;999,2
1091;30,73;59735;35;999,2
1092;30,73;59313;35;999,2
1093;30,73;59523;35;999,2
1094;30,74;59608;35;999,2
1095;30,74;59313;35;999,2
1096;30,73;59397;35;999,2
1097;30,72;59948;35;999,2
1098;30,73;59650;35;999,17
1099;30,73;59271;35;999,2
1100;30,74;60076;35;999,2
1101;30,74;59565;35;999,2
1102;30,73;59905;35;999,17
1103;30,74;59735;35;999,17
1104;30,74;59230;35;999,2
1105;30,74;59735;35;999,2
1106;30,74;59692;35;999,23
1107;30,74;59608;35;999,2
1108;30,74;59565;35;999,2
1109;30,73;59439;35;999,2
1110;30,73;60033;35;999,2
1111;30,74;59777;35;999,2
1112;30,73;59777;35;999,2
1113;30,74;59777;35;999,2
1114;30,74;59650;35;999,2
1115;30,74;59735;35;999,21
1116;30,75;59397;35;999,2
1117;30,74;59820;35;999,2
1118;30,74;60162;35;999,21
1119;30,75;59820;35;999,2
1120;30,74;59608;35;999,21
1121;30,74;60119;35;999,2
1122;30,74;59650;35;999,2
1123;30,74;59777;35;999,17
1124;30,74;59948;35;999,17
1125;30,75;59990;35;999,2
1126;30,74;59948;35;999,2
1127;30,75;60162;35;999,21
1128;30,75;59777;35;999,17
1129;30,75;60422;35;999,2
1130;30,75;60076;35;999,21
1131;30,75;59439;35;999,2
1132;30,75;60205;35;999,2
1133;30,74;60292;35;999,17
1134;30,75;60076;35;999,17
1135;30,75;60119;35;999,2
1136;30,75;59948;35;999,2
1137;30,75;60249;35;999,2
1138;30,75;59862;35;999,2
1139;30,75;60205;35;999,17
1140;30,75;60033;35;999,17
1141;30,75;60422;35;999,17
1142;30,76;60162;35;999,2
1143;30,76;60162;35;999,2
1144;30,76;60162;35;999,2
1145;30,74;60205;35;999,2
1146;30,75;59650;35;999,2
1147;30,76;59862;35;999,17
1148;30,76;60205;35;999,2
1149;30,76;60335;35;999,17
1150;30,76;60119;35;999,2
1151;30,76;60465;35;999,17
1152;30,76;59735;35;999,17
1153;30,76;60509;35;999,17
1154;30,76;60465;35;999,17
1155;30,76;60422;35;999,2
1156;30,76;60292;35;999,2
1157;30,75;60033;35;999,2
1158;30,76;60162;35;999,2
1159;30,76;60509;35;999,2
1160;30,76;60378;35;999,17
1161;30,76;60335;35;999,2
1162;30,76;60205;35;999,17
1163;30,76;60509;35;999,2
1164;30,76;60465;35;999,2
1165;30,76;60771;35;999,17
1166;30,76;60378;35;999,17
1167;30,76;60684;35;999,2
1168;30,76;60465;35;999,17
1169;30,75;60465;35;999,17
1170;30,76;60076;35;999,17
1171;30,77;60596;35;999,17
1172;30,77;60205;35;999,17
1173;30,77;60378;35;999,17
1174;30,77;60552;35;999,2
1175;30,76;60292;35;999,17
1176;30,76;60162;35;999,17
1177;30,76;60596;35;999,17
1178;30,76;60292;35;999,17
1179;30,77;60640;35;999,17
1180;30,77;60552;35;999,17
1181;30,76;60903;35;999,16
1182;30,76;60992;35;999,17
1183;30,77;60771;35;999,17
1184;30,77;60552;35;999,2
1185;30,77;59990;35;999,2
1186;30,77;60684;35;999,21
1187;30,76;60509;35;999,21
1188;30,77;60465;35;999,17
1189;30,77;60640;35;999,2
1190;30,77;60815;35;999,2
1191;30,77;60640;35;999,21
1192;30,77;60948;35;999,21
1193;30,77;60815;35;999,17
1194;30,77;61080;35;999,2
1195;30,77;60948;35;999,21
1196;30,77;60727;35;999,21
1197;30,77;60771;35;999,21
1198;30,77;60465;35;999,21
1199;30,77;60640;35;999,21
1200;30,78;60292;35;999,21
1201;30,77;60815;35;999,21
1202;30,77;60903;35;999,21
1203;30,77;60859;35;999,21
1204;30,77;60815;35;999,21
1205;30,77;61125;35;999,2
1206;30,77;60727;35;999,21
1207;30,77;60815;35;999,21
1208;30,77;60771;35;999,21
1209;30,77;60903;35;999,21
1210;30,77;60903;35;999,21
1211;30,78;61125;34;999,21
1212;30,78;60596;35;999,21
1213;30,78;61169;35;999,23
1214;30,78;61214;35;999,21
1215;30,78;61214;35;999,21
1216;30,77;61259;34;999,21
1217;30,78;60771;35;999,21
1218;30,78;60727;35;999,21
1219;30,78;61169;35;999,21
1220;30,78;61125;35;999,21
1221;30,78;61708;35;999,23
1222;30,78;61036;35;999,21
1223;30,79;60948;35;999,23
1224;30,78;61080;35;999,23
1225;30,78;60903;35;999,21
1226;30,78;60684;35;999,23
1227;30,78;61303;35;999,23
1228;30,78;60948;35;999,27
1229;30,79;61348;35;999,26
1230;30,77;60948;35;999,23
1231;30,78;61169;35;999,23
1232;30,79;61080;35;999,26
1233;30,78;60903;35;999,23
1234;30,79;61303;35;999,26
1235;30,79;60771;35;999,23
1236;30,78;61125;35;999,23
1237;30,79;60509;35;999,21
1238;30,79;61348;35;999,23
1239;30,79;61438;35;999,26
1240;30,79;61036;35;999,23
1241;30,79;61348;35;999,23
1242;30,78;60948;35;999,23
1243;30,79;61348;35;999,21
1244;30,79;61259;35;999,23
1245;30,79;61259;35;999,21
1246;30,79;61303;35;999,21
1247;30,79;61438;35;999,21
1248;30,8;61438;35;999,21
1249;30,8;60903;35;999,21
1250;30,79;60948;35;999,2
1251;30,8;61663;35;999,21
1252;30,8;61348;35;999,2
1253;30,8;61348;35;999,21
1254;30,79;61259;35;999,21
1255;30,79;61169;34;999,21
1256;30,8;61393;34;999,21
1257;30,8;61348;35;999,21
1258;30,8;61618;35;999,21
1259;30,8;61259;35;999,21
1260;30,8;61708;35;999,21
1261;30,8;61438;35;999,2
1262;30,8;61618;35;999,2
1263;30,8;61393;34;999,2
1264;30,8;61259;34;999,2
1265;30,8;61259;35;999,21
1266;30,79;61618;34;999,2
1267;30,8;61348;34;999,2
1268;30,8;61483;34;999,17
1269;30,81;61618;35;999,17
1270;30,8;61259;34;999,16
1271;30,8;61483;35;999,16
1272;30,8;61845;34;999,2
1273;30,81;61438;34;999,13
1274;30,8;61708;34;999,13
1275;30,8;61528;35;999,13
1276;30,8;61528;34;999,16
1277;30,8;62303;34;999,12
1278;30,79;61618;34;999,12
1279;30,8;62303;34;999,13
1280;30,81;61483;35;999,13
1281;30,81;61663;34;999,16
1282;30,81;61708;34;999,13
1283;30,81;61845;34;999,12
1284;30,81;61981;34;999,13
1285;30,81;61845;34;999,12
1286;30,8;61799;34;999,12
1287;30,8;61438;34;999,08
1288;30,81;61981;34;999,09
1289;30,81;61754;34;999,09
1290;30,8;61663;34;999,08
1291;30,8;61936;34;999,12
1292;30,81;61890;34;999,09
1293;30,81;61303;34;999,09
1294;30,81;61845;34;999,09
1295;30,81;61890;34;999,12
1296;30,81;61663;34;999,09
1297;30,81;62395;34;999,09
1298;30,81;61890;34;999,09
1299;30,82;62027;34;999,12
1300;30,82;62027;34;999,12
1301;30,81;61845;34;999,09
1302;30,8;62073;34;999,09
1303;30,81;62073;34;999,12
1304;30,82;62027;34;999,09
1305;30,81;61708;34;999,12
1306;30,81;62395;34;999,12
1307;30,81;62027;34;999,13
1308;30,82;62257;34;999,13
1309;30,82;62073;34;999,13
1310;30,82;61890;34;999,13
1311;30,82;62119;34;999,13
1312;30,82;62211;34;999,16
1313;30,81;61754;34;999,16
1314;30,81;62303;34;999,17
1315;30,81;62119;34;999,17
1316;30,81;62211;34;999,17
1317;30,81;61799;34;999,17
1318;30,82;62211;34;999,17
1319;30,82;62303;34;999,17
1320;30,82;62349;34;999,2
1321;30,82;62956;34;999,2
1322;30,82;62535;34;999,2
1323;30,82;62211;34;999,2
1324;30,81;62257;34;999,2
1325;30,82;62165;34;999,2
1326;30,81;62303;34;999,2
1327;30,82;62349;34;999,2
1328;30,82;62349;34;999,17
1329;30,82;61890;34;999,17
1330;30,82;63146;34;999,17
1331;30,82;62721;34;999,17
1332;30,82;62488;34;999,16
1333;30,82;62395;34;999,17
1334;30,82;62119;34;999,16
1335;30,82;62442;34;999,16
1336;30,82;62211;34;999,16
1337;30,82;62488;34;999,16
1338;30,81;62349;34;999,16
1339;30,82;62303;34;999,17
1340;30,82;62257;34;999,16
1341;30,82;62909;34;999,16
1342;30,82;62395;34;999,16
1343;30,82;62581;34;999,17
1344;30,82;62675;34;999,17
1345;30,83;62581;34;999,17
1346;30,83;62581;34;999,2
1347;30,83;62211;34;999,2
1348;30,83;62303;34;999,2
1349;30,82;62721;34;999,16
1350;30,82;62442;34;999,17
1351;30,82;62442;34;999,16
1352;30,82;62768;34;999,16
1353;30,82;62628;34;999,16
1354;30,83;62862;34;999,17
1355;30,83;63051;34;999,17
1356;30,83;62488;34;999,17
1357;30,83;62815;34;999,17
1358;30,83;62488;34;999,17
1359;30,83;62628;34;999,17
1360;30,83;62581;34;999,17
1361;30,83;62395;34;999,16
1362;30,82;62395;34;999,13
1363;30,83;62257;34;999,17
1364;30,83;62581;34;999,17
1365;30,83;63193;34;999,16
1366;30,83;62535;34;999,16
1367;30,83;62956;34;999,13
1368;30,82;63051;34;999,09
1369;30,83;62628;34;999,13
1370;30,83;62721;34;999,12
1371;30,83;62815;34;999,12
1372;30,83;62257;34;999,12
1373;30,83;62721;34;999,12
1374;30,82;62675;34;999,09
1375;30,83;62628;34;999,16
1376;30,83;62862;34;999,16
1377;30,83;62349;34;999,16
1378;30,83;62862;34;999,13
1379;30,83;62815;34;999,16
1380;30,83;62768;34;999,16
1381;30,83;62349;34;999,16
1382;30,83;63431;34;999,16
1383;30,83;62349;34;999,17
1384;30,83;63098;34;999,2
1385;30,84;62581;34;999,2
1386;30,84;62956;34;999,2
1387;30,83;63193;34;999,2
1388;30,84;62862;34;999,2
1389;30,84;62909;34;999,17
1390;30,84;63193;34;999,2
1391;30,84;63672;34;999,17
1392;30,84;63098;34;999,2
1393;30,83;62956;34;999,17
1394;30,83;62909;34;999,17
1395;30,84;63004;34;999,16
1396;30,84;62675;34;999,16
1397;30,84;63288;34;999,16
1398;30,84;62862;34;999,16
1399;30,83;62956;34;999,16
1400;30,84;63288;34;999,16
1401;30,84;63288;34;999,17
1402;30,84;63004;34;999,16
1403;30,84;63527;34;999,16
1404;30,84;63384;34;999,17
1405;30,84;63672;34;999,17
1406;30,84;62675;34;999,17
1407;30,84;63098;34;999,17
1408;30,84;62721;34;999,21
1409;30,84;63241;34;999,17
1410;30,84;63004;34;999,17
1411;30,84;63004;34;999,16
1412;30,84;63146;34;999,17
1413;30,85;63241;34;999,17
1414;30,85;63336;34;999,17
1415;30,85;63241;34;999,17
1416;30,85;63624;34;999,16
1417;30,85;63288;34;999,16
1418;30,84;63575;34;999,16
1419;30,85;63288;34;999,16
1420;30,85;63384;34;999,16
1421;30,84;63051;34;999,16
1422;30,85;63479;34;999,17
1423;30,84;63384;34;999,13
1424;30,85;63146;34;999,16
1425;30,85;63384;34;999,17
1426;30,85;63384;34;999,16
1427;30,85;63624;34;999,17
1428;30,85;63004;34;999,17
1429;30,85;63624;34;999,2
1430;30,85;63479;34;999,2
1431;30,86;63146;34;999,2
1432;30,85;63431;34;999,2
1433;30,85;64060;34;999,2
1434;30,85;63672;34;999,2
1435;30,85;63479;34;999,2
1436;30,85;63384;34;999,2
1437;30,85;63527;34;999,2
1438;30,85;63527;34;999,2
1439;30,85;63431;34;999,2
1440;30,85;63672;34;999,2
1441;30,86;63431;34;999,2
1442;30,86;63720;34;999,2
1443;30,86;63575;34;999,17
1444;30,86;63336;34;999,2
1445;30,86;63672;34;999,2
1446;30,86;63527;34;999,17
1447;30,85;63720;34;999,17
1448;30,85;63817;34;999,17
1449;30,86;63336;34;999,17
1450;30,85;63527;34;999,16
1451;30,86;63624;34;999,16
1452;30,86;63575;34;999,17
1453;30,86;63865;34;999,16
1454;30,86;63672;34;999,16
1455;30,86;63575;34;999,16
1456;30,86;63768;34;999,16
1457;30,86;63768;34;999,13
1458;30,86;64011;34;999,13
1459;30,85;63384;34;999,16
1460;30,85;63720;34;999,16
1461;30,86;63914;34;999,13
1462;30,86;63914;34;999,13
1463;30,86;64060;34;999,13
1464;30,86;64256;34;999,13
1465;30,86;64158;34;999,13
1466;30,87;64060;34;999,13
1467;30,86;63768;34;999,13
1468;30,86;63865;34;999,13
1469;30,86;63962;34;999,12
1470;30,86;63241;34;999,12
1471;30,85;63672;34;999,12
1472;30,86;63817;34;999,13
1473;30,86;63962;34;999,13
1474;30,86;64060;34;999,12
1475;30,86;64011;34;999,12
1476;30,86;63914;34;999,12
1477;30,86;63914;34;999,13
1478;30,86;64305;34;999,17
1479;30,87;64158;34;999,17
1480;30,86;64256;34;999,13
1481;30,86;63768;34;999,12
1482;30,86;64060;34;999,12
1483;30,86;64602;34;999,12
1484;30,86;64851;34;999,13
1485;30,86;63962;34;999,13
1486;30,86;63962;34;999,13
1487;30,87;64011;34;999,2
1488;30,86;64011;34;999,16
1489;30,87;64207;34;999,13
1490;30,86;64060;34;999,13
1491;30,86;63575;34;999,16
1492;30,86;64801;34;999,21
1493;30,86;64354;34;999,13
1494;30,86;64602;34;999,16
1495;30,85;63962;34;999,17
1496;30,86;63865;34;999,21
1497;30,86;64011;34;999,17
1498;30,87;64305;34;999,21
1499;30,87;64207;34;999,21
1500;30,86;64453;34;999,16
1501;30,86;64011;34;999,16
1502;30,86;63817;34;999,17
1503;30,86;64651;34;999,17
1504;30,87;63865;34;999,17
1505;30,87;64256;34;999,23
1506;30,87;64207;34;999,23
1507;30,86;64453;34;999,17
1508;30,87;64453;34;999,23
1509;30,86;64011;34;999,17
1510;30,87;64502;34;999,23
1511;30,87;64404;34;999,23
1512;30,87;64256;34;999,26
1513;30,87;64552;34;999,23
1514;30,86;64256;34;999,17
1515;30,86;64502;34;999,17
1516;30,86;64951;34;999,17
1517;30,87;63962;34;999,23
1518;30,87;64751;34;999,2
1519;30,86;64354;34;999,16
1520;30,87;64801;34;999,2
1521;30,86;64305;34;999,13
1522;30,87;64354;34;999,2
1523;30,86;64404;34;999,13
1524;30,87;64801;34;999,2
1525;30,87;64011;34;999,2
1526;30,86;64404;34;999,13
1527;30,86;64453;34;999,13
1528;30,86;64951;34;999,13
1529;30,86;64552;34;999,12
1530;30,86;64453;34;999,17
1531;30,87;63672;34;999,17
1532;30,86;64502;34;999,17
1533;30,87;64651;34;999,2
1534;30,87;64951;34;999,2
1535;30,87;64404;34;999,2
1536;30,87;64651;34;999,16
1537;30,87;64801;34;999,12
1538;30,86;64951;34;999,17
1539;30,86;64453;34;999,12
1540;30,87;64751;34;999,12
1541;30,86;65102;34;999,16
1542;30,87;65102;34;999,16
1543;30,86;64801;34;999,13
1544;30,86;64552;34;999,08
1545;30,86;65102;34;999,08
1546;30,86;64701;34;999,08
1547;30,86;64851;34;999,06
1548;30,87;64801;34;999,13
1549;30,87;64701;34;999,13
1550;30,87;64602;34;999,12
1551;30,87;64851;34;999,12
1552;30,87;64851;34;999,12
1553;30,87;64701;34;999,12
1554;30,87;64701;34;999,12
1555;30,87;65406;34;999,12
1556;30,86;64552;34;999,06
1557;30,86;64801;34;999,12
1558;30,86;65001;34;999,12
1559;30,87;65153;34;999,12
1560;30,87;64901;34;999,13
1561;30,86;65254;34;999,13
1562;30,87;65102;34;999,08
1563;30,87;64951;34;999,13
1564;30,87;64207;34;999,13
1565;30,87;64552;34;999,12
1566;30,87;65052;34;999,12
1567;30,87;64951;34;999,08
1568;30,86;64651;34;999,06
1569;30,86;65203;34;999,09
1570;30,86;64751;34;999,06
1571;30,86;65052;34;999,06
1572;30,86;65102;34;999,13
1573;30,87;65052;34;999,08
1574;30,86;65203;34;999,08
1575;30,87;65457;34;999,09
1576;30,87;65662;34;999,08
1577;30,86;64502;34;999,06
1578;30,86;64751;34;999,12
1579;30,87;64951;34;999,12
1580;30,86;65304;34;999,08
1581;30,86;65001;34;999,08
1582;30,86;65052;34;999,08
1583;30,86;64751;34;999,06
1584;30,87;64701;34;999,06
1585;30,86;65610;34;999,08
1586;30,86;64801;34;999,08
1587;30,86;65254;34;999,08
1588;30,86;64951;34;999,09
1589;30,86;65153;34;999,09
1590;30,86;64901;34;999,08
1591;30,86;64552;34;999,08
1592;30,85;64951;34;999,08
1593;30,86;65254;34;999,08
1594;30,86;65355;34;999,08
1595;30,86;65713;34;999,08
1596;30,86;65304;34;999,09
1597;30,86;64951;34;999,09
1598;30,86;65153;34;999,09
1599;30,86;64951;34;999,08
1600;30,86;65508;34;999,08
1601;30,86;65610;34;999,08
1602;30,86;65052;34;999,12
1603;30,86;64951;34;999,08
1604;30,86;65203;34;999,06
1605;30,86;65102;34;999,06
1606;30,87;65052;34;999,12
1607;30,86;65508;34;999,08
1608;30,86;65203;34;999,08
1609;30,86;65406;34;999,08
1610;30,86;65764;34;999,08
1611;30,86;65203;34;999,09
1612;30,86;65102;34;999,09
1613;30,86;64801;34;999,16
1614;30,87;65001;34;999,08
1615;30,86;66023;34;999,09
1616;30,85;65254;34;999,09
1617;30,85;65102;34;999,09
1618;30,86;65713;34;999,08
1619;30,86;65254;34;999,08
1620;30,86;65457;34;999,08
1621;30,86;65102;34;999,08
1622;30,86;65153;34;999,08
1623;30,86;65001;34;999,08
1624;30,86;65203;34;999,06
1625;30,86;65102;34;999,08
1626;30,86;65304;34;999,08
1627;30,86;65406;34;999,09
1628;30,86;65355;34;999,09
1629;30,86;65508;34;999,12
1630;30,86;65304;34;999,12
1631;30,86;64801;34;999,12
1632;30,86;65102;34;999,13
1633;30,86;65662;34;999,13
1634;30,86;65610;34;999,13
1635;30,86;65355;34;999,12
1636;30,86;65816;34;999,13
1637;30,86;65406;34;999,13
1638;30,86;65304;34;999,13
1639;30,86;66440;34;999,16
1640;30,85;65304;34;999,13
1641;30,86;65559;34;999,16
1642;30,86;65662;34;999,16
1643;30,86;65919;34;999,17
1644;30,86;65355;34;999,16
1645;30,86;65713;34;999,16
1646;30,86;65508;34;999,16
1647;30,85;65919;34;999,16
1648;30,85;65919;34;999,16
1649;30,86;65254;34;999,16
1650;30,86;65559;34;999,16
1651;30,86;65610;34;999,16
1652;30,86;65559;34;999,16
1653;30,86;65355;34;999,16
1654;30,86;65713;34;999,16
1655;30,86;65559;34;999,16
1656;30,86;65610;34;999,16
1657;30,86;65457;34;999,13
1658;30,86;65508;34;999,13
1659;30,86;65764;34;999,13
1660;30,86;66074;34;999,13
1661;30,86;65052;34;999,12
1662;30,86;65052;34;999,12
1663;30,86;65457;34;999,09
1664;30,86;65304;34;999,09
1665;30,85;65971;34;999,09
1666;30,85;65713;34;999,09
1667;30,86;65764;34;999,12
1668;30,85;65816;34;999,12
1669;30,85;65610;34;999,12
1670;30,85;65662;34;999,12
1671;30,86;65153;34;999,12
1672;30,86;65764;34;999,09
1673;30,86;65867;34;999,12
1674;30,86;65153;34;999,12
1675;30,85;65816;34;999,12
1676;30,85;65816;34;999,09
1677;30,86;65662;34;999,12
1678;30,86;65713;34;999,09
1679;30,85;65971;34;999,12
1680;30,85;65971;34;999,12
1681;30,85;65919;34;999,12
1682;30,85;66231;34;999,12
1683;30,85;65662;34;999,13
1684;30,86;65764;34;999,13
1685;30,86;66023;34;999,12
1686;30,85;65816;34;999,12
1687;30,86;66126;34;999,13
1688;30,86;65867;34;999,13
1689;30,85;66283;34;999,12
1690;30,85;65764;34;999,13
1691;30,85;66179;34;999,13
1692;30,85;65867;34;999,13
1693;30,86;66074;34;999,13
1694;30,85;66283;34;999,13
1695;30,85;65764;34;999,13
1696;30,86;65610;34;999,13
1697;30,86;65867;34;999,16
1698;30,85;65867;34;999,16
1699;30,86;66074;34;999,16
1700;30,86;65816;34;999,16
1701;30,85;66704;34;999,16
1702;30,85;65816;34;999,16
1703;30,86;66023;34;999,13
1704;30,86;66074;34;999,13
1705;30,85;66335;34;999,12
1706;30,86;65971;34;999,13
1707;30,86;66283;34;999,13
1708;30,85;66545;34;999,09
1709;30,85;66493;34;999,08
1710;30,85;66074;34;999,08
1711;30,86;66179;34;999,09
1712;30,85;66545;34;999,09
1713;30,85;66651;34;999,09
1714;30,86;66126;34;999,09
1715;30,86;65559;34;999,08
1716;30,86;66493;34;999,12
1717;30,86;66493;34;999,12
1718;30,86;66440;34;999,12
1719;30,86;66757;34;999,12
1720;30,85;66231;34;999,12
1721;30,86;66651;34;999,12
1722;30,85;66283;34;999,12
1723;30,86;66704;34;999,12
1724;30,86;66598;34;999,12
1725;30,85;66231;34;999,12
1726;30,85;66231;34;999,09
1727;30,86;67076;34;999,12
1728;30,86;66388;34;999,09
1729;30,86;66757;34;999,12
1730;30,86;66231;34;999,09
1731;30,86;66283;34;999,09
1732;30,86;66440;34;999,12
1733;30,85;66651;34;999,12
1734;30,86;67023;34;999,12
1735;30,86;66388;34;999,12
1736;30,87;66704;34;999,13
1737;30,85;66335;34;999,12
1738;30,86;66704;34;999,13
1739;30,86;66545;34;999,12
1740;30,86;66179;34;999,13
1741;30,86;66493;34;999,13
1742;30,86;66493;34;999,17
1743;30,86;66388;34;999,12
1744;30,86;66651;34;999,13
1745;30,86;66283;34;999,13
1746;30,86;66231;34;999,12
1747;30,86;66231;34;999,12
1748;30,87;66440;34;999,12
1749;30,85;66545;34;999,12
1750;30,85;66545;34;999,12
1751;30,86;66598;34;999,13
1752;30,86;66493;34;999,12
1753;30,86;66810;34;999,12
1754;30,86;66493;34;999,12
1755;30,86;66810;34;999,12
1756;30,86;66493;34;999,13
1757;30,87;66863;34;999,12
1758;30,87;66810;34;999,17
1759;30,86;66970;34;999,12
1760;30,86;66074;34;999,12
1761;30,85;66335;34;999,12
1762;30,86;67453;34;999,13
1763;30,86;66757;34;999,13
1764;30,86;66916;34;999,13
1765;30,86;66493;34;999,13
1766;30,86;66651;34;999,13
1767;30,86;66970;34;999,12
1768;30,86;66810;34;999,13
1769;30,86;66651;34;999,12
1770;30,86;66704;34;999,13
1771;30,86;66916;34;999,13
1772;30,87;66598;34;999,13
1773;30,85;66916;34;999,13
1774;30,86;66810;34;999,13
1775;30,86;66651;34;999,13
1776;30,86;66651;34;999,13
1777;30,87;67076;34;999,2
1778;30,86;66757;34;999,13
1779;30,86;66863;34;999,2
1780;30,86;66863;34;999,2
1781;30,87;66970;34;999,2
1782;30,86;66916;34;999,13
1783;30,87;66916;34;999,17
1784;30,86;66704;34;999,17
1785;30,85;66598;34;999,13
1786;30,87;67076;34;999,16
1787;30,86;66810;34;999,16
1788;30,87;66757;34;999,2
1789;30,87;67184;34;999,21
1790;30,87;66810;34;999,2
1791;30,87;66810;34;999,21
1792;30,86;66757;34;999,13
1793;30,87;67453;34;999,21
1794;30,87;67130;34;999,17
1795;30,87;67023;34;999,21
1796;30,86;66863;34;999,16
1797;30,86;67130;34;999,16
1798;30,86;66916;34;999,21
1799;30,87;67725;34;999,21
1800;30,87;67399;34;999,21
1801;30,86;66440;34;999,17
1802;30,86;66863;34;999,21
1803;30,87;67184;34;999,16
1804;30,87;66916;34;999,21
1805;30,87;66598;34;999,21
1806;30,87;67399;34;999,21
1807;30,87;66598;34;999,21
1808;30,87;67076;34;999,23
1809;30,86;67237;34;999,16
1810;30,87;67562;34;999,21
1811;30,87;67291;34;999,21
1812;30,87;67184;34;999,21
1813;30,87;67616;34;999,21
1814;30,87;67237;34;999,2
1815;30,87;67076;34;999,21
1816;30,87;67237;34;999,21
1817;30,87;67076;34;999,21
1818;30,87;67184;34;999,21
1819;30,87;67076;34;999,21
1820;30,87;67130;34;999,21
1821;30,87;67184;34;999,21
1822;30,87;67399;34;999,21
1823;30,87;67399;34;999,23
1824;30,87;67237;34;999,23
1825;30,87;67023;34;999,23
1826;30,87;67345;34;999,23
1827;30,87;67291;34;999,21
1828;30,87;67345;34;999,21
1829;30,87;67184;34;999,21
1830;30,87;67345;34;999,21
1831;30,87;67453;34;999,23
1832;30,87;67237;34;999,2
1833;30,87;67399;34;999,21
1834;30,87;67345;34;999,21
1835;30,87;66916;34;999,21
1836;30,87;67291;34;999,23
1837;30,87;67291;34;999,21
1838;30,87;67237;34;999,21
1839;30,88;67616;34;999,21
1840;30,88;67507;34;999,21
1841;30,87;67507;34;999,21
1842;30,87;67345;34;999,21
1843;30,88;67345;34;999,21
1844;30,88;67184;34;999,21
1845;30,87;67345;34;999,21
1846;30,88;67399;34;999,21
1847;30,87;67345;34;999,21
1848;30,87;67237;34;999,21
1849;30,87;67453;34;999,2
1850;30,87;67184;34;999,2
